{
	"Velocity":	0.02,
	"Latitude":	28.434867858886719,
	"Longitude":	77.339080810546875,
	"Head":	96.08,
	"Altitude":	187.399,
	"Hdop":	0.38,
	"Time":	151534,
	"Date":	80825
}