{
	"Velocity":	0.013,
	"Latitude":	28.43218994140625,
	"Longitude":	77.3363037109375,
	"Head":	85.94,
	"Altitude":	191.1,
	"Hdop":	0.54,
	"Time":	161832,
	"Date":	210725
}