{
	"Velocity":	0.19,
	"Latitude":	28.432914733886719,
	"Longitude":	77.306846618652344,
	"Head":	103.6,
	"Altitude":	197.444,
	"Hdop":	2.92,
	"Time":	11146,
	"Date":	200825
}