{
	"Velocity":	0.01,
	"Latitude":	28.432031631469727,
	"Longitude":	77.336433410644531,
	"Head":	157.71,
	"Altitude":	188.981,
	"Hdop":	0.37,
	"Time":	155851,
	"Date":	220825
}