{
	"Cross Track Error":	-19.6068709018815,
	"Estimated CTE":	12.066068353017876,
	"Path Heading Error":	50.285117793676989,
	"estimated Latitude ":	28.43328857421875,
	"estimated Longitude ":	77.306312561035156,
	"Distance Path":	2864.5416879238755,
	"Distance from Intial":	28.640239894724957,
	"Distance from Final":	2885.4849396375384,
	"CAN":	51
}